{
	"format_version": "1.21.6",
	"credit": "Made with Blockbench",
	"texture_size": [32, 32],
	"textures": {
		"0": "block/anvil",
		"1": "block/iron_block",
		"2": "block/stripped_dark_oak_log",
		"particle": "block/anvil"
	},
	"elements": [
		{
			"from": [7.2, -13.5, 7.2],
			"to": [8.8, 16.7, 8.8],
			"faces": {
				"north": {"uv": [2, 0.7, 15, 16], "texture": "#2"},
				"east": {"uv": [3, 0.7, 15, 16], "texture": "#2"},
				"south": {"uv": [3, 0.7, 15, 16], "texture": "#2"},
				"west": {"uv": [2, 0.7, 15, 16], "texture": "#2"},
				"up": {"uv": [2, 1, 15, 16], "texture": "#2"},
				"down": {"uv": [2, 1, 15, 16], "texture": "#2"}
			}
		},
		{
			"from": [6.8, -15.8, 6.8],
			"to": [9.2, -13.4, 9.2],
			"faces": {
				"north": {"uv": [0, 0, 11.2, 12.2], "texture": "#1"},
				"east": {"uv": [2, 2, 15.7, 15.9], "texture": "#1"},
				"south": {"uv": [2, 0.2, 15.8, 16], "texture": "#1"},
				"west": {"uv": [5, 3.8, 12.5, 13.4], "texture": "#1"},
				"up": {"uv": [2, 3, 13, 14], "texture": "#1"},
				"down": {"uv": [2, 3, 14, 15], "texture": "#1"}
			}
		},
		{
			"from": [7.05, -11.55, 7.05],
			"to": [8.95, -11.15, 8.95],
			"faces": {
				"north": {"uv": [0, 0, 1, 0.25], "texture": "#1"},
				"east": {"uv": [0, 0, 1, 0.25], "texture": "#1"},
				"south": {"uv": [3, 3, 13.4, 14.45], "texture": "#1"},
				"west": {"uv": [0, 0, 1, 0.25], "texture": "#1"},
				"up": {"uv": [0, 0, 1, 1], "texture": "#1"},
				"down": {"uv": [0, 0, 1, 1], "texture": "#1"}
			}
		},
		{
			"from": [7.05, -8.55, 7.05],
			"to": [8.95, -8.15, 8.95],
			"faces": {
				"north": {"uv": [0, 0, 1, 0.25], "texture": "#1"},
				"east": {"uv": [0, 0, 1, 0.25], "texture": "#1"},
				"south": {"uv": [3, 3, 13.4, 14.45], "texture": "#1"},
				"west": {"uv": [0, 0, 1, 0.25], "texture": "#1"},
				"up": {"uv": [0, 0, 1, 1], "texture": "#1"},
				"down": {"uv": [0, 0, 1, 1], "texture": "#1"}
			}
		},
		{
			"from": [7.05, -5.55, 7.05],
			"to": [8.95, -5.15, 8.95],
			"faces": {
				"north": {"uv": [0, 0, 1, 0.25], "texture": "#1"},
				"east": {"uv": [0, 0, 1, 0.25], "texture": "#1"},
				"south": {"uv": [3, 3, 13.4, 14.45], "texture": "#1"},
				"west": {"uv": [0, 0, 1, 0.25], "texture": "#1"},
				"up": {"uv": [0, 0, 1, 1], "texture": "#1"},
				"down": {"uv": [0, 0, 1, 1], "texture": "#1"}
			}
		},
		{
			"from": [7.05, -2.55, 7.05],
			"to": [8.95, -2.15, 8.95],
			"faces": {
				"north": {"uv": [0, 0, 1, 0.25], "texture": "#1"},
				"east": {"uv": [0, 0, 1, 0.25], "texture": "#1"},
				"south": {"uv": [3, 3, 13.4, 14.45], "texture": "#1"},
				"west": {"uv": [0, 0, 1, 0.25], "texture": "#1"},
				"up": {"uv": [0, 0, 1, 1], "texture": "#1"},
				"down": {"uv": [0, 0, 1, 1], "texture": "#1"}
			}
		},
		{
			"from": [7.05, 1.45, 7.05],
			"to": [8.95, 1.85, 8.95],
			"faces": {
				"north": {"uv": [0, 0, 1, 0.25], "texture": "#1"},
				"east": {"uv": [0, 0, 1, 0.25], "texture": "#1"},
				"south": {"uv": [3, 3, 13.4, 14.45], "texture": "#1"},
				"west": {"uv": [0, 0, 1, 0.25], "texture": "#1"},
				"up": {"uv": [0, 0, 1, 1], "texture": "#1"},
				"down": {"uv": [0, 0, 1, 1], "texture": "#1"}
			}
		},
		{
			"from": [7.05, 4.45, 7.05],
			"to": [8.95, 4.85, 8.95],
			"faces": {
				"north": {"uv": [0, 0, 1, 0.25], "texture": "#1"},
				"east": {"uv": [0, 0, 1, 0.25], "texture": "#1"},
				"south": {"uv": [3, 3, 13.4, 14.45], "texture": "#1"},
				"west": {"uv": [0, 0, 1, 0.25], "texture": "#1"},
				"up": {"uv": [0, 0, 1, 1], "texture": "#1"},
				"down": {"uv": [0, 0, 1, 1], "texture": "#1"}
			}
		},
		{
			"from": [7.05, 8.45, 7.05],
			"to": [8.95, 8.85, 8.95],
			"faces": {
				"north": {"uv": [0, 0, 1, 0.25], "texture": "#1"},
				"east": {"uv": [0, 0, 1, 0.25], "texture": "#1"},
				"south": {"uv": [3, 3, 13.4, 14.45], "texture": "#1"},
				"west": {"uv": [0, 0, 1, 0.25], "texture": "#1"},
				"up": {"uv": [0, 0, 1, 1], "texture": "#1"},
				"down": {"uv": [0, 0, 1, 1], "texture": "#1"}
			}
		},
		{
			"from": [7.05, 12.45, 7.05],
			"to": [8.95, 12.85, 8.95],
			"faces": {
				"north": {"uv": [0, 0, 1, 0.25], "texture": "#1"},
				"east": {"uv": [0, 0, 1, 0.25], "texture": "#1"},
				"south": {"uv": [3, 3, 13.4, 14.45], "texture": "#1"},
				"west": {"uv": [0, 0, 1, 0.25], "texture": "#1"},
				"up": {"uv": [0, 0, 1, 1], "texture": "#1"},
				"down": {"uv": [0, 0, 1, 1], "texture": "#1"}
			}
		},
		{
			"from": [7.05, 16.25, 7.05],
			"to": [8.95, 16.85, 8.95],
			"faces": {
				"north": {"uv": [0, 0, 1, 0.35], "texture": "#1"},
				"east": {"uv": [0, 0, 1, 0.35], "texture": "#1"},
				"south": {"uv": [3, 3, 13.4, 14.55], "texture": "#1"},
				"west": {"uv": [0, 0, 1, 0.35], "texture": "#1"},
				"up": {"uv": [0, 0, 1, 1], "texture": "#1"},
				"down": {"uv": [0, 0, 1, 1], "texture": "#1"}
			}
		},
		{
			"from": [7.6, 22.2, 7.6],
			"to": [8.4, 25, 8.4],
			"faces": {
				"north": {"uv": [0, 0, 16, 16], "texture": "#0"},
				"east": {"uv": [0, 0, 16, 16], "texture": "#0"},
				"south": {"uv": [4.9, 5.1, 13.6, 13.2], "texture": "#0"},
				"west": {"uv": [0, 0, 1, 2], "texture": "#0"},
				"up": {"uv": [0, 0, 16, 16], "texture": "#0"},
				"down": {"uv": [0, 0, 1, 1], "texture": "#0"}
			}
		},
		{
			"from": [7.3, 25, 7.3],
			"to": [8.7, 25.7, 8.7],
			"faces": {
				"north": {"uv": [0, 0, 16, 16], "texture": "#0"},
				"east": {"uv": [0, 0, 16, 16], "texture": "#0"},
				"south": {"uv": [4.9, 5.1, 13.6, 11.85], "texture": "#0"},
				"west": {"uv": [0, 0, 1, 0.65], "texture": "#0"},
				"up": {"uv": [0, 0, 16, 16], "texture": "#0"},
				"down": {"uv": [0, 0, 1, 1], "texture": "#0"}
			}
		},
		{
			"from": [7.35, 25.65, 7.35],
			"to": [8.65, 26.35, 8.65],
			"faces": {
				"north": {"uv": [0, 0, 16, 16], "texture": "#0"},
				"east": {"uv": [0, 0, 16, 16], "texture": "#0"},
				"south": {"uv": [4.9, 5.1, 13.6, 11.9], "texture": "#0"},
				"west": {"uv": [0, 0, 1, 0.7], "texture": "#0"},
				"up": {"uv": [0, 0, 16, 16], "texture": "#0"},
				"down": {"uv": [0, 0, 1, 1], "texture": "#0"}
			}
		},
		{
			"from": [7.4, 26.3, 7.4],
			"to": [8.6, 26.9, 8.6],
			"faces": {
				"north": {"uv": [0, 0, 16, 16], "texture": "#0"},
				"east": {"uv": [0, 0, 16, 16], "texture": "#0"},
				"south": {"uv": [4.9, 5.1, 13.6, 11.9], "texture": "#0"},
				"west": {"uv": [0, 0, 1, 0.7], "texture": "#0"},
				"up": {"uv": [0, 0, 16, 16], "texture": "#0"},
				"down": {"uv": [0, 0, 1, 1], "texture": "#0"}
			}
		},
		{
			"from": [7.45, 26.85, 7.45],
			"to": [8.55, 27.35, 8.55],
			"faces": {
				"north": {"uv": [0, 0, 16, 16], "texture": "#0"},
				"east": {"uv": [0, 0, 16, 16], "texture": "#0"},
				"south": {"uv": [4.9, 5.1, 13.6, 11.9], "texture": "#0"},
				"west": {"uv": [0, 0, 1, 0.7], "texture": "#0"},
				"up": {"uv": [0, 0, 16, 16], "texture": "#0"},
				"down": {"uv": [0, 0, 1, 1], "texture": "#0"}
			}
		},
		{
			"from": [7.5, 27.3, 7.5],
			"to": [8.5, 27.7, 8.5],
			"faces": {
				"north": {"uv": [0, 0, 16, 16], "texture": "#0"},
				"east": {"uv": [0, 0, 16, 16], "texture": "#0"},
				"south": {"uv": [4.9, 5.1, 13.6, 11.9], "texture": "#0"},
				"west": {"uv": [0, 0, 1, 0.7], "texture": "#0"},
				"up": {"uv": [0, 0, 16, 16], "texture": "#0"},
				"down": {"uv": [0, 0, 1, 1], "texture": "#0"}
			}
		},
		{
			"from": [7.55, 27.65, 7.55],
			"to": [8.45, 27.95, 8.45],
			"faces": {
				"north": {"uv": [0, 0, 16, 16], "texture": "#0"},
				"east": {"uv": [0, 0, 16, 16], "texture": "#0"},
				"south": {"uv": [4.9, 5.1, 13.6, 11.9], "texture": "#0"},
				"west": {"uv": [0, 0, 1, 0.7], "texture": "#0"},
				"up": {"uv": [0, 0, 16, 16], "texture": "#0"},
				"down": {"uv": [0, 0, 1, 1], "texture": "#0"}
			}
		},
		{
			"from": [7.6, 27.9, 7.6],
			"to": [8.4, 28.1, 8.4],
			"faces": {
				"north": {"uv": [0, 0, 16, 16], "texture": "#0"},
				"east": {"uv": [0, 0, 16, 16], "texture": "#0"},
				"south": {"uv": [4.9, 5.1, 13.6, 11.9], "texture": "#0"},
				"west": {"uv": [0, 0, 1, 0.7], "texture": "#0"},
				"up": {"uv": [0, 0, 16, 16], "texture": "#0"},
				"down": {"uv": [0, 0, 1, 1], "texture": "#0"}
			}
		},
		{
			"from": [7.7, 28.1, 7.7],
			"to": [8.3, 28.2, 8.3],
			"faces": {
				"north": {"uv": [0, 0, 16, 16], "texture": "#0"},
				"east": {"uv": [0, 0, 16, 16], "texture": "#0"},
				"south": {"uv": [4.9, 5.1, 13.6, 11.95], "texture": "#0"},
				"west": {"uv": [0, 0, 1, 0.75], "texture": "#0"},
				"up": {"uv": [0, 0, 16, 16], "texture": "#0"},
				"down": {"uv": [0, 0, 1, 1], "texture": "#0"}
			}
		},
		{
			"from": [7.75, 28.05, 7.75],
			"to": [8.25, 28.45, 8.25],
			"faces": {
				"north": {"uv": [0, 0, 16, 16], "texture": "#0"},
				"east": {"uv": [0, 0, 16, 16], "texture": "#0"},
				"south": {"uv": [4.9, 5.1, 13.6, 12.15], "texture": "#0"},
				"west": {"uv": [0, 0, 1, 0.95], "texture": "#0"},
				"up": {"uv": [0, 0, 16, 16], "texture": "#0"},
				"down": {"uv": [0, 0, 1, 1], "texture": "#0"}
			}
		},
		{
			"from": [7, 16.6, 7],
			"to": [9, 22.3, 9],
			"faces": {
				"north": {"uv": [3, 4, 13, 14.85], "texture": "#0"},
				"east": {"uv": [2, 3, 14, 14.85], "texture": "#0"},
				"south": {"uv": [4, 3, 15, 14.85], "texture": "#0"},
				"west": {"uv": [2, 3, 13, 14.85], "texture": "#0"},
				"up": {"uv": [2, 3, 14, 14], "texture": "#0"},
				"down": {"uv": [2, 3, 13, 13], "texture": "#0"}
			}
		},
		{
			"from": [-6, 15.5, 7.22],
			"to": [1.8, 23.8, 8.79],
			"rotation": {"angle": 0, "axis": "z", "origin": [2, 39, 0]},
			"faces": {
				"north": {"uv": [4, 8, 13.15, 12.9], "rotation": 270, "texture": "#1"},
				"east": {"uv": [0, 0, 4.15, 0.785], "rotation": 90, "texture": "#1"},
				"south": {"uv": [3, 6, 13, 13], "rotation": 90, "texture": "#1"},
				"west": {"uv": [0, 11, 10.15, 12.785], "rotation": 90, "texture": "#1"},
				"up": {"uv": [0, 0, 0.785, 3.9], "rotation": 90, "texture": "#1"},
				"down": {"uv": [1.3, 6.14, 9.085, 16], "rotation": 90, "texture": "#1"}
			}
		},
		{
			"from": [-7.4, 17.4, 7.01],
			"to": [-5.5, 22.1, 9.02],
			"faces": {
				"north": {"uv": [0, 0, 16, 16], "rotation": 270, "texture": "#0"},
				"east": {"uv": [0, 0, 16, 16], "rotation": 90, "texture": "#0"},
				"south": {"uv": [2, 2, 10.35, 9.95], "rotation": 90, "texture": "#0"},
				"west": {"uv": [0, 0, 2.35, 1], "rotation": 90, "texture": "#0"},
				"up": {"uv": [0, 0, 16, 16], "rotation": 90, "texture": "#0"},
				"down": {"uv": [2, 2, 13, 14.95], "rotation": 90, "texture": "#0"}
			}
		},
		{
			"from": [-0.2, 15.6, 7.002],
			"to": [1.7, 18.9, 9.012],
			"rotation": {"angle": 22.5, "axis": "z", "origin": [0, 0, 0]},
			"faces": {
				"north": {"uv": [0, 0, 16, 16], "rotation": 270, "texture": "#0"},
				"east": {"uv": [0, 0, 16, 16], "rotation": 90, "texture": "#0"},
				"south": {"uv": [1, 1, 12.65, 12.95], "rotation": 90, "texture": "#0"},
				"west": {"uv": [0, 0, 1.65, 1], "rotation": 90, "texture": "#0"},
				"up": {"uv": [0, 0, 16, 16], "rotation": 90, "texture": "#0"},
				"down": {"uv": [2, 2, 13, 14.95], "rotation": 90, "texture": "#0"}
			}
		},
		{
			"from": [13.8, 20.3, 7.002],
			"to": [17.2, 22.3, 9.012],
			"rotation": {"angle": 45, "axis": "z", "origin": [0, 0, 0]},
			"faces": {
				"north": {"uv": [2, 2, 16, 16], "texture": "#0"},
				"east": {"uv": [0, 0, 16, 16], "texture": "#0"},
				"south": {"uv": [3, 2, 12.7, 13], "texture": "#0"},
				"west": {"uv": [0, 0, 1, 1], "texture": "#0"},
				"up": {"uv": [0, 0, 16, 16], "texture": "#0"},
				"down": {"uv": [2, 2, 13.7, 15], "texture": "#0"}
			}
		},
		{
			"from": [-14.5, 5.1, 7.4999],
			"to": [-11.1, 7, 8.4999],
			"rotation": {"angle": -45, "axis": "z", "origin": [0, 0, 0]},
			"faces": {
				"north": {"uv": [0, 0, 16, 16], "texture": "#0"},
				"east": {"uv": [0, 0, 16, 16], "texture": "#0"},
				"south": {"uv": [1, 1, 14.3, 14.15], "texture": "#0"},
				"west": {"uv": [0, 0, 0.5, 0.95], "texture": "#0"},
				"up": {"uv": [0, 0, 16, 16], "texture": "#0"},
				"down": {"uv": [2, 2, 13.7, 14.5], "texture": "#0"}
			}
		},
		{
			"from": [-14.5, 5.8, 7],
			"to": [-11.1, 7.7, 9.005],
			"rotation": {"angle": -45, "axis": "z", "origin": [0, 0, 0]},
			"faces": {
				"north": {"uv": [0, 0, 16, 16], "texture": "#0"},
				"east": {"uv": [0, 0, 16, 16], "texture": "#0"},
				"south": {"uv": [1, 1, 14.3, 14.15], "texture": "#0"},
				"west": {"uv": [0, 0, 1, 0.95], "texture": "#0"},
				"up": {"uv": [0, 0, 16, 16], "texture": "#0"},
				"down": {"uv": [2, 2, 13.7, 15], "texture": "#0"}
			}
		},
		{
			"from": [-15.3, 17.5, 7],
			"to": [-13.3, 21.3, 9],
			"rotation": {"angle": -22.5, "axis": "z", "origin": [0, 0, 0]},
			"faces": {
				"north": {"uv": [2, 2, 14, 13.9], "texture": "#0"},
				"east": {"uv": [1, 2, 14, 14.9], "texture": "#0"},
				"south": {"uv": [2, 2, 13, 13.9], "texture": "#0"},
				"west": {"uv": [2, 2, 13, 13.9], "texture": "#0"},
				"up": {"uv": [3, 2, 15, 14], "texture": "#0"},
				"down": {"uv": [1, 2, 14, 15], "texture": "#0"}
			}
		},
		{
			"from": [7.3, 25.2, 7.0001],
			"to": [10.6, 27.2, 9.0001],
			"rotation": {"angle": 22.5, "axis": "z", "origin": [0, 0, 0]},
			"faces": {
				"north": {"uv": [2, 2, 16, 16], "texture": "#0"},
				"east": {"uv": [0, 0, 16, 16], "texture": "#0"},
				"south": {"uv": [3, 2, 12.65, 13], "texture": "#0"},
				"west": {"uv": [0, 0, 1, 1], "texture": "#0"},
				"up": {"uv": [0, 0, 16, 16], "texture": "#0"},
				"down": {"uv": [2, 2, 13.65, 15], "texture": "#0"}
			}
		},
		{
			"from": [-11, 10.7, 7.2],
			"to": [-4.6, 18.5, 8.82],
			"rotation": {"angle": -22.5, "axis": "z", "origin": [2, 0, 0]},
			"faces": {
				"north": {"uv": [4, 6, 12.2, 12.9], "rotation": 180, "texture": "#1"},
				"east": {"uv": [0, 0, 0.875, 3.9], "rotation": 180, "texture": "#1"},
				"south": {"uv": [3, 3, 11.2, 13], "rotation": 180, "texture": "#1"},
				"west": {"uv": [0, 11, 6.875, 15], "rotation": 180, "texture": "#1"},
				"up": {"uv": [0, 0, 3.2, 0.875], "rotation": 180, "texture": "#1"},
				"down": {"uv": [1.3, 6.14, 11.5, 16], "rotation": 180, "texture": "#1"}
			}
		},
		{
			"from": [4.9, 18.4, 7.21],
			"to": [10.7, 26.2, 8.8],
			"rotation": {"angle": 22.5, "axis": "z", "origin": [2, 0, 0]},
			"faces": {
				"north": {"uv": [4, 8, 11.9, 12.9], "rotation": 180, "texture": "#1"},
				"east": {"uv": [0, 0, 0.795, 3.9], "rotation": 180, "texture": "#1"},
				"south": {"uv": [1, 9, 9.9, 16], "rotation": 180, "texture": "#1"},
				"west": {"uv": [0, 11, 6.795, 15], "rotation": 180, "texture": "#1"},
				"up": {"uv": [0, 0, 2.9, 0.795], "rotation": 180, "texture": "#1"},
				"down": {"uv": [1.3, 6.14, 11.2, 15.935], "rotation": 180, "texture": "#1"}
			}
		},
		{
			"from": [11, 20.2, 7.215],
			"to": [18.8, 28.6, 8.815],
			"rotation": {"angle": -45, "axis": "z", "origin": [2, 39, 0]},
			"faces": {
				"north": {"uv": [4, 8, 13.2, 12.9], "rotation": 270, "texture": "#1"},
				"east": {"uv": [0, 0, 4.2, 0.85], "rotation": 90, "texture": "#1"},
				"south": {"uv": [1, 4, 12, 10], "rotation": 90, "texture": "#1"},
				"west": {"uv": [0, 11, 10.2, 12.85], "rotation": 90, "texture": "#1"},
				"up": {"uv": [0, 0, 0.85, 3.9], "rotation": 90, "texture": "#1"},
				"down": {"uv": [1.3, 6.14, 9.15, 16], "rotation": 90, "texture": "#1"}
			}
		},
		{
			"from": [8.6, 14, 7.205],
			"to": [14, 17.1, 8.826],
			"rotation": {"angle": 22.5, "axis": "z", "origin": [0, 0, 0]},
			"faces": {
				"north": {"uv": [3.3, 5, 13, 11], "texture": "#1"},
				"east": {"uv": [2, 4, 10.86, 12.55], "texture": "#1"},
				"south": {"uv": [5, 6.45, 11, 11], "texture": "#1"},
				"west": {"uv": [4, 14, 13, 15], "texture": "#1"},
				"up": {"uv": [2, 2, 12.7, 14.86], "texture": "#1"},
				"down": {"uv": [5.3, 9.14, 13, 16], "texture": "#1"}
			}
		},
		{
			"from": [-6.3, 19, 7.204],
			"to": [-1, 22, 8.827],
			"rotation": {"angle": -22.5, "axis": "z", "origin": [0, 0, 0]},
			"faces": {
				"north": {"uv": [4, 3, 10.5, 6.65], "rotation": 90, "texture": "#1"},
				"east": {"uv": [0, 0, 1.5, 0.85], "rotation": 270, "texture": "#1"},
				"south": {"uv": [3, 5, 10.5, 12], "rotation": 270, "texture": "#1"},
				"west": {"uv": [0, 11, 7.5, 12.85], "rotation": 270, "texture": "#1"},
				"up": {"uv": [0, 0, 0.85, 2.65], "rotation": 270, "texture": "#1"},
				"down": {"uv": [1.3, 6.14, 9.15, 16], "rotation": 270, "texture": "#1"}
			}
		},
		{
			"from": [2.1, 21.6, 7.06],
			"to": [7.5, 25.4, 8.96],
			"rotation": {"angle": 22.5, "axis": "z", "origin": [16, 39, 0]},
			"faces": {
				"north": {"uv": [3, 3, 9.7, 10.85], "rotation": 180, "texture": "#1"},
				"east": {"uv": [4, 4, 10.95, 10.85], "rotation": 180, "texture": "#1"},
				"south": {"uv": [3, 2, 12.7, 11.85], "rotation": 180, "texture": "#1"},
				"west": {"uv": [1, 2, 11.95, 11.85], "rotation": 180, "texture": "#1"},
				"up": {"uv": [0, 0, 7.7, 9.95], "rotation": 180, "texture": "#1"},
				"down": {"uv": [4, 4, 10.7, 10.95], "rotation": 180, "texture": "#1"}
			}
		},
		{
			"from": [17, 16.8, 7.05],
			"to": [22.3, 20.7, 8.94],
			"rotation": {"angle": -22.5, "axis": "z", "origin": [16, 39, 0]},
			"faces": {
				"north": {"uv": [2, 3, 14.95, 13.65], "rotation": 270, "texture": "#1"},
				"east": {"uv": [0, 0, 1.95, 0.945], "rotation": 90, "texture": "#1"},
				"south": {"uv": [6, 3, 12.95, 10.65], "rotation": 90, "texture": "#1"},
				"west": {"uv": [1, 2, 12.95, 11.945], "rotation": 90, "texture": "#1"},
				"up": {"uv": [0, 0, 0.945, 2.65], "rotation": 90, "texture": "#1"},
				"down": {"uv": [0, 0, 0.945, 2.65], "rotation": 90, "texture": "#1"}
			}
		},
		{
			"from": [7.2, 27.2, 7.5001],
			"to": [10.6, 28.2, 8.5001],
			"rotation": {"angle": 22.5, "axis": "z", "origin": [0, 0, 0]},
			"faces": {
				"north": {"uv": [2, 2, 16, 16], "texture": "#0"},
				"east": {"uv": [0, 0, 16, 16], "texture": "#0"},
				"south": {"uv": [3, 2, 12.7, 12.5], "texture": "#0"},
				"west": {"uv": [0, 0, 0.5, 0.5], "texture": "#0"},
				"up": {"uv": [0, 0, 16, 16], "texture": "#0"},
				"down": {"uv": [2, 2, 13.7, 14.5], "texture": "#0"}
			}
		},
		{
			"from": [-14.5, 9.6, 7.499],
			"to": [-13.2, 14.5, 8.499],
			"rotation": {"angle": -22.5, "axis": "z", "origin": [20, 0, -20]},
			"faces": {
				"north": {"uv": [2, 2, 16, 16], "texture": "#0"},
				"east": {"uv": [2, 2, 16, 16], "texture": "#0"},
				"south": {"uv": [2, 2, 11.65, 11.45], "texture": "#0"},
				"west": {"uv": [2, 2, 11.5, 11.45], "texture": "#0"},
				"up": {"uv": [0, 0, 16, 16], "texture": "#0"},
				"down": {"uv": [0, 0, 0.65, 0.5], "texture": "#0"}
			}
		},
		{
			"from": [-0.9, 15.4, 7.5],
			"to": [1, 19.1, 8.505],
			"rotation": {"angle": 22.5, "axis": "z", "origin": [0, 0, 0]},
			"faces": {
				"north": {"uv": [0, 0, 16, 16], "rotation": 270, "texture": "#0"},
				"east": {"uv": [0, 0, 16, 16], "rotation": 90, "texture": "#0"},
				"south": {"uv": [1, 1, 12.85, 12.95], "rotation": 90, "texture": "#0"},
				"west": {"uv": [0, 0, 1.85, 0.5], "rotation": 90, "texture": "#0"},
				"up": {"uv": [0, 0, 16, 16], "rotation": 90, "texture": "#0"},
				"down": {"uv": [2, 2, 12.5, 14.95], "rotation": 90, "texture": "#0"}
			}
		},
		{
			"from": [-8.2, 17.3, 7.5],
			"to": [-6.05, 22.1, 8.51],
			"faces": {
				"north": {"uv": [0, 0, 16, 16], "rotation": 270, "texture": "#0"},
				"east": {"uv": [0, 0, 16, 16], "rotation": 90, "texture": "#0"},
				"south": {"uv": [1, 2, 11.4, 13.075], "rotation": 90, "texture": "#0"},
				"west": {"uv": [0, 0, 2.4, 0.5], "rotation": 90, "texture": "#0"},
				"up": {"uv": [0, 0, 16, 16], "rotation": 90, "texture": "#0"},
				"down": {"uv": [2, 2, 12.5, 15.075], "rotation": 90, "texture": "#0"}
			}
		},
		{
			"from": [14.3, 21.3, 7.4999],
			"to": [17.5, 23.28, 8.5099],
			"rotation": {"angle": 45, "axis": "z", "origin": [0, 0, 0]},
			"faces": {
				"north": {"uv": [2, 2, 16, 16], "texture": "#0"},
				"east": {"uv": [0, 0, 16, 16], "texture": "#0"},
				"south": {"uv": [3, 2, 12.6, 12.99], "texture": "#0"},
				"west": {"uv": [0, 0, 0.5, 0.99], "texture": "#0"},
				"up": {"uv": [0, 0, 16, 16], "texture": "#0"},
				"down": {"uv": [2, 2, 13.6, 14.5], "texture": "#0"}
			}
		},
		{
			"from": [-8, 9.6, 7.004],
			"to": [-4.7, 11.5, 9.004],
			"rotation": {"angle": -22.5, "axis": "z", "origin": [0, 0, 0]},
			"faces": {
				"north": {"uv": [0, 0, 16, 16], "texture": "#0"},
				"east": {"uv": [0, 0, 16, 16], "texture": "#0"},
				"south": {"uv": [1, 1, 14.25, 14.15], "texture": "#0"},
				"west": {"uv": [0, 0, 1, 0.95], "texture": "#0"},
				"up": {"uv": [0, 0, 16, 16], "texture": "#0"},
				"down": {"uv": [2, 2, 13.65, 15], "texture": "#0"}
			}
		},
		{
			"from": [-8.3, 9, 7.5],
			"to": [-4.7, 9.6, 8.5],
			"rotation": {"angle": -22.5, "axis": "z", "origin": [0, 0, 0]},
			"faces": {
				"north": {"uv": [0, 0, 16, 16], "texture": "#0"},
				"east": {"uv": [0, 0, 16, 16], "texture": "#0"},
				"south": {"uv": [1, 1, 14.4, 13.5], "texture": "#0"},
				"west": {"uv": [0, 0, 0.5, 0.3], "texture": "#0"},
				"up": {"uv": [0, 0, 16, 16], "texture": "#0"},
				"down": {"uv": [2, 2, 13.8, 14.5], "texture": "#0"}
			}
		}
	],
	"display": {
		"thirdperson_righthand": {
			"rotation": [26, -94, 19],
			"translation": [0, 9.75, 2.75]
		},
		"thirdperson_lefthand": {
			"rotation": [26, 94, -7],
			"translation": [0, 9.75, 5.25]
		},
		"firstperson_righthand": {
			"rotation": [0, -88, 0],
			"translation": [5.75, 11.75, -0.75]
		},
		"firstperson_lefthand": {
			"rotation": [0, 89, 0],
			"translation": [7.5, 13.25, -1]
		},
		"ground": {
			"translation": [0, 9.5, 0],
			"scale": [0.5, 0.5, 0.5]
		},
		"gui": {
			"rotation": [0, 0, 33],
			"translation": [2.25, 1, 0],
			"scale": [0.5, 0.5, 0.5]
		},
		"fixed": {
			"rotation": [0, -180, 30],
			"translation": [-2.5, 0.75, 0],
			"scale": [0.65, 0.65, 0.65]
		}
	}
}