{
	"textures": {
		"5": "block/gold_block",
		"6": "block/dark_prismarine",
		"7": "minecraft:block/prismarine",
		"particle": "block/acacia_door_bottom"
	},
	"elements": [
		{
			"from": [7.5, -10, 7.5],
			"to": [8.5, 10, 8.5],
			"rotation": {"angle": 0, "axis": "y", "origin": [0, -8, 0]},
			"faces": {
				"north": {"uv": [0.3, 16, 1.3, 2.9], "texture": "#7"},
				"east": {"uv": [0.3, 16, 1.3, 2.9], "texture": "#7"},
				"south": {"uv": [1.3, 16, 0.4, 2.9], "texture": "#7"},
				"west": {"uv": [0.3, 16, 1.3, 2.9], "texture": "#7"},
				"up": {"uv": [0, 16, 1.3, 2.9], "texture": "#7"},
				"down": {"uv": [0, 16, 1.3, 2.9], "texture": "#7"}
			}
		},
		{
			"from": [5, 10, 7.5],
			"to": [11, 11, 8.5],
			"rotation": {"angle": 0, "axis": "y", "origin": [0, -8, 0]},
			"faces": {
				"north": {"uv": [13.6, 13.7, 2.6, 2.2], "texture": "#5"},
				"east": {"uv": [2.6, 13.7, 13.6, 2.2], "texture": "#5"},
				"south": {"uv": [13.6, 2.2, 2.6, 13.7], "texture": "#5"},
				"west": {"uv": [13.6, 13.7, 2.6, 2.2], "texture": "#5"},
				"up": {"uv": [13.6, 2.2, 2.6, 13.7], "texture": "#5"},
				"down": {"uv": [2.6, 13.7, 13.6, 2.2], "texture": "#5"}
			}
		},
		{
			"from": [14.05, 4.4125, 7.505],
			"to": [17.05, 5.4125, 8.495],
			"rotation": {"angle": 22.5, "axis": "z", "origin": [0, -8, 0]},
			"faces": {
				"north": {"uv": [3, 2.39, 13.8, 13.1], "texture": "#5"},
				"east": {"uv": [1.55, 3.39, 8.24, 9.79], "texture": "#5"},
				"south": {"uv": [4.9, 4, 7.9, 5], "texture": "#5"},
				"west": {"uv": [3, 2, 3.99, 3], "texture": "#5"},
				"up": {"uv": [3, 0, 13.8, 11.1], "texture": "#5"},
				"down": {"uv": [0, 1, 13, 10.99], "texture": "#5"}
			}
		},
		{
			"from": [-2.3, 10.55, 7.505],
			"to": [0.45, 11.55, 8.495],
			"rotation": {"angle": -22.5, "axis": "z", "origin": [0, -8, 0]},
			"faces": {
				"north": {"uv": [1, 1.89, 13, 12.1], "texture": "#5"},
				"east": {"uv": [4.55, 4.39, 11.24, 10.79], "texture": "#5"},
				"south": {"uv": [1.9, 2, 11.6, 8.7], "texture": "#5"},
				"west": {"uv": [6, 4, 13.59, 11.3], "texture": "#5"},
				"up": {"uv": [3, 2, 13.8, 13.1], "texture": "#5"},
				"down": {"uv": [2, 1.5, 13.9, 13.49], "texture": "#5"}
			}
		},
		{
			"from": [10.73, 8.55, 7.505],
			"to": [11.73, 11.3, 8.495],
			"rotation": {"angle": 22.5, "axis": "z", "origin": [0, -8, 0]},
			"faces": {
				"north": {"uv": [13.6, 1.8, 2.5, 13.8], "rotation": 270, "texture": "#5"},
				"east": {"uv": [13.6, 13.8, 2.5, 1.8], "rotation": 90, "texture": "#5"},
				"south": {"uv": [13.6, 13.8, 2.5, 1.8], "rotation": 90, "texture": "#5"},
				"west": {"uv": [13.6, 1.8, 2.5, 13.8], "rotation": 90, "texture": "#5"},
				"up": {"uv": [13.6, 1.8, 2.5, 13.8], "rotation": 90, "texture": "#5"},
				"down": {"uv": [2.5, 1.8, 13.6, 13.8], "rotation": 90, "texture": "#5"}
			}
		},
		{
			"from": [2.5, 13.75, 7.505],
			"to": [3.5, 16.5, 8.505],
			"rotation": {"angle": 0, "axis": "z", "origin": [0.1, -8, 0]},
			"faces": {
				"north": {"uv": [3, 2, 14.45, 11], "rotation": 270, "texture": "#5"},
				"east": {"uv": [2.7, 2.5, 15, 12.5], "rotation": 90, "texture": "#5"},
				"south": {"uv": [2.8, 1.5, 14, 12.8], "rotation": 90, "texture": "#5"},
				"west": {"uv": [0.7, 0.5, 14, 10.5], "rotation": 90, "texture": "#5"},
				"up": {"uv": [2.2, 2.1, 12, 10.8], "rotation": 90, "texture": "#5"},
				"down": {"uv": [2.6, 1.5, 13, 11], "rotation": 90, "texture": "#5"}
			}
		},
		{
			"from": [-7.07, 15.55, 7.501],
			"to": [-6.07, 17.2, 8.481],
			"rotation": {"angle": -22.5, "axis": "z", "origin": [0.1, -8, 0]},
			"faces": {
				"north": {"uv": [3, 2, 13.95, 11], "rotation": 270, "texture": "#5"},
				"east": {"uv": [2.7, 2.5, 15, 12.49], "rotation": 90, "texture": "#5"},
				"south": {"uv": [2.8, 1.5, 14, 12.8], "rotation": 90, "texture": "#5"},
				"west": {"uv": [0.7, 0.5, 14, 10.49], "rotation": 90, "texture": "#5"},
				"up": {"uv": [2.2, 2.1, 12, 10.8], "rotation": 90, "texture": "#5"},
				"down": {"uv": [2.6, 1.5, 12.99, 11], "rotation": 90, "texture": "#5"}
			}
		},
		{
			"from": [-7.06, 17.15, 7.506],
			"to": [-5.55, 18.6, 8.516],
			"rotation": {"angle": -22.5, "axis": "z", "origin": [0.1, -8, 0]},
			"faces": {
				"north": {"uv": [3, 2, 13.45, 11.51], "rotation": 270, "texture": "#5"},
				"east": {"uv": [2.7, 2.5, 15, 12.51], "rotation": 90, "texture": "#5"},
				"south": {"uv": [2.8, 1.5, 14, 12.8], "rotation": 90, "texture": "#5"},
				"west": {"uv": [0.7, 0.5, 14, 10.51], "rotation": 90, "texture": "#5"},
				"up": {"uv": [2.2, 2.1, 12, 11.3], "rotation": 90, "texture": "#5"},
				"down": {"uv": [2.6, 1.5, 13.01, 11.51], "rotation": 90, "texture": "#5"}
			}
		},
		{
			"from": [-6.86, 17.35, 7.306],
			"to": [-6.25, 19.2, 8.716],
			"rotation": {"angle": -22.5, "axis": "z", "origin": [0.1, -8, 0]},
			"faces": {
				"north": {"uv": [3, 2, 13.45, 11.51], "rotation": 270, "texture": "#5"},
				"east": {"uv": [2.7, 2.5, 15, 12.51], "rotation": 90, "texture": "#5"},
				"south": {"uv": [2.8, 1.5, 14, 12.8], "rotation": 90, "texture": "#5"},
				"west": {"uv": [0.7, 0.5, 14, 10.51], "rotation": 90, "texture": "#5"},
				"up": {"uv": [2.2, 2.1, 12, 11.3], "rotation": 90, "texture": "#5"},
				"down": {"uv": [2.6, 1.5, 13.01, 11.51], "rotation": 90, "texture": "#5"}
			}
		},
		{
			"from": [-6.76, 15.55, 7.406],
			"to": [-6.35, 17.4, 8.616],
			"rotation": {"angle": -22.5, "axis": "z", "origin": [0.1, -8, 0]},
			"faces": {
				"north": {"uv": [3, 2, 13.45, 11.51], "rotation": 270, "texture": "#5"},
				"east": {"uv": [2.7, 2.5, 15, 12.51], "rotation": 90, "texture": "#5"},
				"south": {"uv": [2.8, 1.5, 14, 12.8], "rotation": 90, "texture": "#5"},
				"west": {"uv": [0.7, 0.5, 14, 10.51], "rotation": 90, "texture": "#5"},
				"up": {"uv": [2.2, 2.1, 12, 11.3], "rotation": 90, "texture": "#5"},
				"down": {"uv": [2.6, 1.5, 13.01, 11.51], "rotation": 90, "texture": "#5"}
			}
		},
		{
			"from": [2.79, 14.55, 7.406],
			"to": [3.2, 16.4, 8.616],
			"rotation": {"angle": 0, "axis": "z", "origin": [0.1, -8, 0]},
			"faces": {
				"north": {"uv": [3, 2, 13.45, 11.51], "rotation": 270, "texture": "#5"},
				"east": {"uv": [2.7, 2.5, 15, 12.51], "rotation": 90, "texture": "#5"},
				"south": {"uv": [2.8, 1.5, 14, 12.8], "rotation": 90, "texture": "#5"},
				"west": {"uv": [0.7, 0.5, 14, 10.51], "rotation": 90, "texture": "#5"},
				"up": {"uv": [2.2, 2.1, 12, 11.3], "rotation": 90, "texture": "#5"},
				"down": {"uv": [2.6, 1.5, 13.01, 11.51], "rotation": 90, "texture": "#5"}
			}
		},
		{
			"from": [10.89, 8.95, 7.406],
			"to": [11.3, 10.7, 8.616],
			"rotation": {"angle": 22.5, "axis": "z", "origin": [0, -8, 0]},
			"faces": {
				"north": {"uv": [1, 1.89, 13, 12.1], "rotation": 270, "texture": "#5"},
				"east": {"uv": [4.55, 4.39, 12, 10.8], "rotation": 90, "texture": "#5"},
				"south": {"uv": [1.9, 2, 11.6, 9.21], "rotation": 90, "texture": "#5"},
				"west": {"uv": [6, 4, 14.35, 11.31], "rotation": 90, "texture": "#5"},
				"up": {"uv": [3, 2, 13.8, 13.1], "rotation": 90, "texture": "#5"},
				"down": {"uv": [0.9, 0.5, 15, 13.01], "rotation": 90, "texture": "#5"}
			}
		},
		{
			"from": [16.54, 0.9, 7.406],
			"to": [16.95, 3.48, 8.616],
			"rotation": {"angle": 45, "axis": "z", "origin": [0, -8, 0]},
			"faces": {
				"north": {"uv": [1, 1.89, 13, 12.1], "rotation": 270, "texture": "#5"},
				"east": {"uv": [4.55, 4.39, 12, 10.8], "rotation": 90, "texture": "#5"},
				"south": {"uv": [1.9, 2, 11.6, 9.21], "rotation": 90, "texture": "#5"},
				"west": {"uv": [6, 4, 14.35, 11.31], "rotation": 90, "texture": "#5"},
				"up": {"uv": [3, 2, 13.8, 13.1], "rotation": 90, "texture": "#5"},
				"down": {"uv": [0.9, 0.5, 15, 13.01], "rotation": 90, "texture": "#5"}
			}
		},
		{
			"from": [-7.05, 18.55, 7.505],
			"to": [-6.05, 19.8, 8.495],
			"rotation": {"angle": -22.5, "axis": "z", "origin": [0.1, -8, 0]},
			"faces": {
				"north": {"uv": [3, 2, 12.95, 11], "rotation": 270, "texture": "#5"},
				"east": {"uv": [2.7, 2.5, 15, 12.49], "rotation": 90, "texture": "#5"},
				"south": {"uv": [2.8, 1.5, 14, 12.8], "rotation": 90, "texture": "#5"},
				"west": {"uv": [0.7, 0.5, 14, 10.49], "rotation": 90, "texture": "#5"},
				"up": {"uv": [2.2, 2.1, 12, 10.8], "rotation": 90, "texture": "#5"},
				"down": {"uv": [2.6, 1.5, 12.99, 11], "rotation": 90, "texture": "#5"}
			}
		},
		{
			"from": [-7.055, 19.75, 7.504],
			"to": [-6.555, 20.8, 8.494],
			"rotation": {"angle": -22.5, "axis": "z", "origin": [0.1, -8, 0]},
			"faces": {
				"north": {"uv": [3, 10.7, 12.95, 1.8], "rotation": 270, "texture": "#5"},
				"east": {"uv": [2.7, 2.5, 15, 12.49], "rotation": 90, "texture": "#5"},
				"south": {"uv": [2.8, 1.5, 14, 12.8], "rotation": 90, "texture": "#5"},
				"west": {"uv": [0.7, 0.5, 14, 10.49], "rotation": 90, "texture": "#5"},
				"up": {"uv": [2.2, 2.1, 12, 10.3], "rotation": 90, "texture": "#5"},
				"down": {"uv": [2.6, 1.5, 12.99, 10.5], "rotation": 90, "texture": "#5"}
			}
		},
		{
			"from": [16.25, 1.2, 7.505],
			"to": [17.25, 3.2, 8.495],
			"rotation": {"angle": 45, "axis": "z", "origin": [0, -8, 0]},
			"faces": {
				"north": {"uv": [1, 1.89, 13, 12.1], "rotation": 270, "texture": "#5"},
				"east": {"uv": [4.55, 4.39, 12, 10.78], "rotation": 90, "texture": "#5"},
				"south": {"uv": [1.9, 2, 11.6, 8.7], "rotation": 90, "texture": "#5"},
				"west": {"uv": [6, 4, 14.35, 11.29], "rotation": 90, "texture": "#5"},
				"up": {"uv": [3, 2, 13.8, 13.1], "rotation": 90, "texture": "#5"},
				"down": {"uv": [0.9, 0.5, 15, 12.5], "rotation": 90, "texture": "#5"}
			}
		},
		{
			"from": [-5.935, 12.5, 7.505],
			"to": [-4.935, 14.25, 8.495],
			"rotation": {"angle": -45, "axis": "z", "origin": [0, -8, 0]},
			"faces": {
				"north": {"uv": [2.3, 1.4, 14.3, 14.3], "rotation": 270, "texture": "#5"},
				"east": {"uv": [2.3, 1.4, 14.3, 14.3], "rotation": 90, "texture": "#5"},
				"south": {"uv": [2.3, 1.4, 14.3, 14.3], "rotation": 90, "texture": "#5"},
				"west": {"uv": [2.3, 1.4, 14.3, 14.3], "rotation": 90, "texture": "#5"},
				"up": {"uv": [2.3, 1.4, 14.3, 14.3], "rotation": 90, "texture": "#5"},
				"down": {"uv": [14.3, 1.4, 2.3, 14.3], "rotation": 90, "texture": "#5"}
			}
		},
		{
			"from": [2.94, 14.45, 7.505],
			"to": [3.94, 17.25, 8.495],
			"rotation": {"angle": -22.5, "axis": "z", "origin": [0, -8, 0]},
			"faces": {
				"north": {"uv": [2, 2.49, 14.3, 14.4], "rotation": 270, "texture": "#5"},
				"east": {"uv": [2, 2.7, 14.3, 14.4], "rotation": 90, "texture": "#5"},
				"south": {"uv": [2, 2.7, 14.3, 14.4], "rotation": 90, "texture": "#5"},
				"west": {"uv": [2, 2.7, 14.3, 14.4], "rotation": 90, "texture": "#5"},
				"up": {"uv": [2, 2, 14.3, 14.4], "rotation": 90, "texture": "#5"},
				"down": {"uv": [2, 2.7, 14.3, 14.4], "rotation": 90, "texture": "#5"}
			}
		},
		{
			"from": [12.35, 13.9, 7.505],
			"to": [13.35, 16.8, 8.495],
			"rotation": {"angle": 0, "axis": "z", "origin": [0, -8, 0]},
			"faces": {
				"north": {"uv": [3, 2, 14.6, 11], "rotation": 270, "texture": "#5"},
				"east": {"uv": [2.7, 2.5, 15, 12.49], "rotation": 90, "texture": "#5"},
				"south": {"uv": [2.8, 1.5, 14, 12.8], "rotation": 90, "texture": "#5"},
				"west": {"uv": [0.7, 0.5, 14, 10.49], "rotation": 90, "texture": "#5"},
				"up": {"uv": [2.2, 2.1, 12, 10.8], "rotation": 90, "texture": "#5"},
				"down": {"uv": [2.6, 1.5, 12.99, 11], "rotation": 90, "texture": "#5"}
			}
		},
		{
			"from": [20.83, 9.8, 7.5],
			"to": [21.83, 11.05, 8.49],
			"rotation": {"angle": 22.5, "axis": "z", "origin": [0, -8, 0]},
			"faces": {
				"north": {"uv": [3, 2, 12.95, 11], "rotation": 270, "texture": "#5"},
				"east": {"uv": [2.7, 2.5, 15, 12.49], "rotation": 90, "texture": "#5"},
				"south": {"uv": [2.8, 1.5, 14, 12.8], "rotation": 90, "texture": "#5"},
				"west": {"uv": [0.7, 0.5, 14, 10.49], "rotation": 90, "texture": "#5"},
				"up": {"uv": [2.2, 2.1, 12, 10.8], "rotation": 90, "texture": "#5"},
				"down": {"uv": [2.6, 1.5, 12.99, 11], "rotation": 90, "texture": "#5"}
			}
		},
		{
			"from": [20.35, 11, 7.5025],
			"to": [21.85, 12.35, 8.4925],
			"rotation": {"angle": 22.5, "axis": "z", "origin": [0, -8, 0]},
			"faces": {
				"north": {"uv": [3, 2, 13.45, 11.5], "rotation": 270, "texture": "#5"},
				"east": {"uv": [2.7, 2.5, 15, 12.49], "rotation": 90, "texture": "#5"},
				"south": {"uv": [2.8, 1.5, 14, 12.8], "rotation": 90, "texture": "#5"},
				"west": {"uv": [0.7, 0.5, 14, 10.49], "rotation": 90, "texture": "#5"},
				"up": {"uv": [2.2, 2.1, 12, 11.3], "rotation": 90, "texture": "#5"},
				"down": {"uv": [2.6, 1.5, 12.99, 11.5], "rotation": 90, "texture": "#5"}
			}
		},
		{
			"from": [21.05, 11.2, 7.3025],
			"to": [21.65, 12.95, 8.6925],
			"rotation": {"angle": 22.5, "axis": "z", "origin": [0, -8, 0]},
			"faces": {
				"north": {"uv": [3, 2, 13.45, 11.5], "rotation": 270, "texture": "#5"},
				"east": {"uv": [2.7, 2.5, 15, 12.49], "rotation": 90, "texture": "#5"},
				"south": {"uv": [2.8, 1.5, 14, 12.8], "rotation": 90, "texture": "#5"},
				"west": {"uv": [0.7, 0.5, 14, 10.49], "rotation": 90, "texture": "#5"},
				"up": {"uv": [2.2, 2.1, 12, 11.3], "rotation": 90, "texture": "#5"},
				"down": {"uv": [2.6, 1.5, 12.99, 11.5], "rotation": 90, "texture": "#5"}
			}
		},
		{
			"from": [21.15, 9.8, 7.4025],
			"to": [21.55, 11.55, 8.5925],
			"rotation": {"angle": 22.5, "axis": "z", "origin": [0, -8, 0]},
			"faces": {
				"north": {"uv": [3, 2, 13.45, 11.5], "rotation": 270, "texture": "#5"},
				"east": {"uv": [2.7, 2.5, 15, 12.49], "rotation": 90, "texture": "#5"},
				"south": {"uv": [2.8, 1.5, 14, 12.8], "rotation": 90, "texture": "#5"},
				"west": {"uv": [0.7, 0.5, 14, 10.49], "rotation": 90, "texture": "#5"},
				"up": {"uv": [2.2, 2.1, 12, 11.3], "rotation": 90, "texture": "#5"},
				"down": {"uv": [2.6, 1.5, 12.99, 11.5], "rotation": 90, "texture": "#5"}
			}
		},
		{
			"from": [12.7, 14.9, 7.4125],
			"to": [13.1, 16.75, 8.6035],
			"rotation": {"angle": 0, "axis": "z", "origin": [0, -8, 0]},
			"faces": {
				"north": {"uv": [3, 2, 13.45, 11.5], "rotation": 270, "texture": "#5"},
				"east": {"uv": [2.7, 2.5, 15, 12.49], "rotation": 90, "texture": "#5"},
				"south": {"uv": [2.8, 1.5, 14, 12.8], "rotation": 90, "texture": "#5"},
				"west": {"uv": [0.7, 0.5, 14, 10.49], "rotation": 90, "texture": "#5"},
				"up": {"uv": [2.2, 2.1, 12, 11.3], "rotation": 90, "texture": "#5"},
				"down": {"uv": [2.6, 1.5, 12.99, 11.5], "rotation": 90, "texture": "#5"}
			}
		},
		{
			"from": [3.2, 14.5, 7.4125],
			"to": [3.6, 16.75, 8.6035],
			"rotation": {"angle": -22.5, "axis": "z", "origin": [0, -8, 0]},
			"faces": {
				"north": {"uv": [3, 2.39, 13.8, 13.1], "rotation": 270, "texture": "#5"},
				"east": {"uv": [1.55, 3.39, 9, 9.78], "rotation": 90, "texture": "#5"},
				"south": {"uv": [4.9, 4, 6.65, 5.5], "rotation": 90, "texture": "#5"},
				"west": {"uv": [3, 2, 4.75, 2.99], "rotation": 90, "texture": "#5"},
				"up": {"uv": [3, 2, 13.8, 13.1], "rotation": 90, "texture": "#5"},
				"down": {"uv": [0, 2, 0.99, 3.5], "rotation": 90, "texture": "#5"}
			}
		},
		{
			"from": [-5.7, 12.2, 7.4125],
			"to": [-5.3, 14.15, 8.6035],
			"rotation": {"angle": -45, "axis": "z", "origin": [0, -8, 0]},
			"faces": {
				"north": {"uv": [3, 2.39, 13.8, 13.1], "rotation": 270, "texture": "#5"},
				"east": {"uv": [1.55, 3.39, 9, 9.78], "rotation": 90, "texture": "#5"},
				"south": {"uv": [4.9, 4, 6.65, 5.5], "rotation": 90, "texture": "#5"},
				"west": {"uv": [3, 2, 4.75, 2.99], "rotation": 90, "texture": "#5"},
				"up": {"uv": [3, 2, 13.8, 13.1], "rotation": 90, "texture": "#5"},
				"down": {"uv": [0, 2, 0.99, 3.5], "rotation": 90, "texture": "#5"}
			}
		},
		{
			"from": [8.6, 10, 7.4125],
			"to": [10.55, 10.4, 8.6035],
			"rotation": {"angle": 0, "axis": "z", "origin": [0, -8, 0]},
			"faces": {
				"north": {"uv": [3, 2.39, 13.8, 13.1], "rotation": 180, "texture": "#5"},
				"east": {"uv": [1.55, 3.39, 8.24, 10.29], "rotation": 180, "texture": "#5"},
				"south": {"uv": [4.9, 4, 6.65, 5.5], "rotation": 180, "texture": "#5"},
				"west": {"uv": [3, 2, 3.99, 3.5], "rotation": 180, "texture": "#5"},
				"up": {"uv": [3, 2, 13.8, 13.1], "rotation": 180, "texture": "#5"},
				"down": {"uv": [0, 2, 1.75, 2.99], "rotation": 180, "texture": "#5"}
			}
		},
		{
			"from": [5.4, 10, 7.4125],
			"to": [7.55, 10.4, 8.6035],
			"rotation": {"angle": 0, "axis": "y", "origin": [0, -8, 0]},
			"faces": {
				"north": {"uv": [1, 1.89, 13, 12.1], "rotation": 180, "texture": "#5"},
				"east": {"uv": [4.55, 4.39, 11.24, 11.29], "rotation": 180, "texture": "#5"},
				"south": {"uv": [1.9, 2, 11.6, 9.2], "rotation": 180, "texture": "#5"},
				"west": {"uv": [6, 4, 13.59, 11.8], "rotation": 180, "texture": "#5"},
				"up": {"uv": [3, 2, 13.8, 13.1], "rotation": 180, "texture": "#5"},
				"down": {"uv": [0.9, 0.5, 15, 12.49], "rotation": 180, "texture": "#5"}
			}
		},
		{
			"from": [20.85, 12.3, 7.505],
			"to": [21.85, 13.55, 8.495],
			"rotation": {"angle": 22.5, "axis": "z", "origin": [0, -8, 0]},
			"faces": {
				"north": {"uv": [3, 2, 12.95, 11], "rotation": 270, "texture": "#5"},
				"east": {"uv": [2.7, 2.5, 15, 12.49], "rotation": 90, "texture": "#5"},
				"south": {"uv": [2.8, 1.5, 14, 12.8], "rotation": 90, "texture": "#5"},
				"west": {"uv": [0.7, 0.5, 14, 10.49], "rotation": 90, "texture": "#5"},
				"up": {"uv": [2.2, 2.1, 12, 10.8], "rotation": 90, "texture": "#5"},
				"down": {"uv": [2.6, 1.5, 12.99, 11], "rotation": 90, "texture": "#5"}
			}
		},
		{
			"from": [21.357, 13.5, 7.5025],
			"to": [21.857, 14.55, 8.4925],
			"rotation": {"angle": 22.5, "axis": "z", "origin": [0, -8, 0]},
			"faces": {
				"north": {"uv": [3, 10.7, 12.95, 1.8], "rotation": 270, "texture": "#5"},
				"east": {"uv": [2.7, 2.5, 15, 12.49], "rotation": 90, "texture": "#5"},
				"south": {"uv": [2.8, 1.5, 14, 12.8], "rotation": 90, "texture": "#5"},
				"west": {"uv": [0.7, 0.5, 14, 10.49], "rotation": 90, "texture": "#5"},
				"up": {"uv": [2.2, 2.1, 12, 10.3], "rotation": 90, "texture": "#5"},
				"down": {"uv": [2.6, 1.5, 12.99, 10.5], "rotation": 90, "texture": "#5"}
			}
		},
		{
			"from": [7.5, 11, 7.5],
			"to": [8.5, 18, 8.5],
			"rotation": {"angle": 0, "axis": "y", "origin": [0, -8, 0]},
			"faces": {
				"north": {"uv": [3, 1, 13.7, 12.6], "texture": "#5"},
				"east": {"uv": [2.7, 2.5, 15, 13], "texture": "#5"},
				"south": {"uv": [2.8, 1.5, 14, 12.8], "texture": "#5"},
				"west": {"uv": [0.7, 0.5, 14, 11], "texture": "#5"},
				"up": {"uv": [2.2, 2.1, 12, 10.8], "texture": "#5"},
				"down": {"uv": [2.6, 1.5, 13, 11], "texture": "#5"}
			}
		},
		{
			"from": [7, 18, 7.5],
			"to": [9, 19.5, 8.5],
			"rotation": {"angle": 0, "axis": "y", "origin": [0, -8, 0]},
			"faces": {
				"north": {"uv": [3, 2, 13.7, 11.5], "texture": "#5"},
				"east": {"uv": [2.7, 2.5, 15, 13], "texture": "#5"},
				"south": {"uv": [2.8, 1.5, 14, 12.8], "texture": "#5"},
				"west": {"uv": [0.7, 0.5, 14, 11], "texture": "#5"},
				"up": {"uv": [2.2, 2.1, 12, 10.8], "texture": "#5"},
				"down": {"uv": [2.6, 1.5, 14, 11], "texture": "#5"}
			}
		},
		{
			"from": [7.25, 19.5, 7.5],
			"to": [8.75, 20.5, 8.5],
			"rotation": {"angle": 0, "axis": "y", "origin": [0, -8, 0]},
			"faces": {
				"north": {"uv": [3, 2, 13.2, 11], "texture": "#5"},
				"east": {"uv": [2.7, 2.5, 15, 12.5], "texture": "#5"},
				"south": {"uv": [2.8, 1.5, 14, 12.8], "texture": "#5"},
				"west": {"uv": [0.7, 0.5, 14, 10.5], "texture": "#5"},
				"up": {"uv": [2.2, 2.1, 12, 10.8], "texture": "#5"},
				"down": {"uv": [2.6, 1.5, 13.5, 11], "texture": "#5"}
			}
		},
		{
			"from": [7.75, 20.5, 7.5],
			"to": [8.25, 21.5, 8.5],
			"rotation": {"angle": 0, "axis": "y", "origin": [0, -8, 0]},
			"faces": {
				"north": {"uv": [3, 2, 12.2, 11], "texture": "#5"},
				"east": {"uv": [2.7, 2.5, 15, 12.5], "texture": "#5"},
				"south": {"uv": [2.8, 1.5, 14, 12.8], "texture": "#5"},
				"west": {"uv": [0.7, 0.5, 14, 10.5], "texture": "#5"},
				"up": {"uv": [2.2, 2.1, 12, 10.8], "texture": "#5"},
				"down": {"uv": [2.6, 1.5, 12.5, 11], "texture": "#5"}
			}
		},
		{
			"from": [7.2, -10.3, 7.2],
			"to": [8.8, -7.7, 8.8],
			"rotation": {"angle": 0, "axis": "y", "origin": [0, -8, 0]},
			"faces": {
				"north": {"uv": [3.8, 3.5, 11.9, 12.3], "texture": "#5"},
				"east": {"uv": [3.8, 3.5, 11.9, 12.3], "texture": "#5"},
				"south": {"uv": [3.8, 3.5, 11.9, 12.3], "texture": "#5"},
				"west": {"uv": [3.8, 3.5, 11.9, 12.3], "texture": "#5"},
				"up": {"uv": [3.8, 3.5, 11.9, 11.3], "texture": "#5"},
				"down": {"uv": [3.8, 3.5, 11.9, 11.3], "texture": "#5"}
			}
		},
		{
			"from": [7.4, 8.7, 7.3],
			"to": [8.6, 11.3, 8.7],
			"rotation": {"angle": 0, "axis": "y", "origin": [0, -8, 0]},
			"faces": {
				"north": {"uv": [1.2, 2, 13.9, 14.3], "texture": "#5"},
				"east": {"uv": [1.2, 2, 13.9, 14.3], "texture": "#5"},
				"south": {"uv": [1.2, 2, 13.9, 14.3], "texture": "#5"},
				"west": {"uv": [1.2, 2, 13.9, 14.3], "texture": "#5"},
				"up": {"uv": [1.2, 2, 13.9, 13.3], "texture": "#5"},
				"down": {"uv": [1.2, 2, 13.9, 13.3], "texture": "#5"}
			}
		},
		{
			"from": [2.45, 13.5, 7.2],
			"to": [3.75, 15.3, 8.8],
			"rotation": {"angle": 0, "axis": "y", "origin": [0, -8, 0]},
			"faces": {
				"north": {"uv": [0.7, 1.3, 14.2, 14.5], "texture": "#5"},
				"east": {"uv": [0.7, 1.3, 14.2, 14.5], "texture": "#5"},
				"south": {"uv": [0.7, 1.3, 14.5, 15.1], "texture": "#5"},
				"west": {"uv": [0.7, 1.3, 14.2, 14.5], "texture": "#5"},
				"up": {"uv": [0.7, 1.3, 14.9, 15.4], "texture": "#5"},
				"down": {"uv": [1, 1, 14, 14.5], "texture": "#5"}
			}
		},
		{
			"from": [12.1, 13.5, 7.2],
			"to": [13.4, 15.3, 8.8],
			"rotation": {"angle": 0, "axis": "y", "origin": [0, -8, 0]},
			"faces": {
				"north": {"uv": [1.3, 1.2, 14.7, 14.4], "texture": "#5"},
				"east": {"uv": [1.3, 1.2, 14.7, 14.4], "texture": "#5"},
				"south": {"uv": [1.3, 1.2, 14.7, 14.4], "texture": "#5"},
				"west": {"uv": [1.3, 1.2, 14.7, 14.4], "texture": "#5"},
				"up": {"uv": [1.3, 1.2, 14.7, 14.4], "texture": "#5"},
				"down": {"uv": [1.3, 1.2, 14.7, 14.4], "texture": "#5"}
			}
		},
		{
			"from": [7.7, 18, 7.3],
			"to": [8.3, 20.2, 8.7],
			"rotation": {"angle": 0, "axis": "y", "origin": [0, -8, 0]},
			"faces": {
				"north": {"uv": [3, 2, 13.7, 12.5], "texture": "#5"},
				"east": {"uv": [2.7, 2.5, 15, 13], "texture": "#5"},
				"south": {"uv": [2.8, 1.5, 14, 12.8], "texture": "#5"},
				"west": {"uv": [0.7, 0.5, 14, 11], "texture": "#5"},
				"up": {"uv": [2.2, 2.1, 12, 11.3], "texture": "#5"},
				"down": {"uv": [2.6, 1.5, 14, 12], "texture": "#5"}
			}
		},
		{
			"from": [7.8, 11.2, 7.4],
			"to": [8.2, 18, 8.6],
			"rotation": {"angle": 0, "axis": "y", "origin": [0, -8, 0]},
			"faces": {
				"north": {"uv": [3, 2, 13.7, 12.5], "texture": "#5"},
				"east": {"uv": [2.7, 2.5, 15, 13], "texture": "#5"},
				"south": {"uv": [2.8, 1.5, 14, 12.8], "texture": "#5"},
				"west": {"uv": [0.7, 0.5, 14, 11], "texture": "#5"},
				"up": {"uv": [2.2, 2.1, 12, 11.3], "texture": "#5"},
				"down": {"uv": [2.6, 1.5, 14, 12], "texture": "#5"}
			}
		},
		{
			"from": [7.2, 13.2, 7.2],
			"to": [8.8, 15.3, 8.8],
			"rotation": {"angle": 0, "axis": "y", "origin": [0, -8, 0]},
			"faces": {
				"north": {"uv": [2, 2, 14, 14.1], "texture": "#5"},
				"east": {"uv": [2, 2, 14, 14.1], "texture": "#5"},
				"south": {"uv": [2, 2, 13.6, 13.6], "texture": "#5"},
				"west": {"uv": [2, 2, 14, 14.1], "texture": "#5"},
				"up": {"uv": [2, 2, 14, 14.1], "texture": "#5"},
				"down": {"uv": [2, 2, 14, 14.1], "texture": "#5"}
			}
		},
		{
			"from": [7.45, 2.45, 7.45],
			"to": [8.55, 3.05, 8.55],
			"rotation": {"angle": 0, "axis": "y", "origin": [0, -8, 0]},
			"faces": {
				"north": {"uv": [2.9, 2.9, 13.4, 12.5], "texture": "#6"},
				"east": {"uv": [2.9, 2.9, 13.4, 12.5], "texture": "#6"},
				"south": {"uv": [4, 4, 11.9, 12.1], "texture": "#6"},
				"west": {"uv": [2.9, 2.9, 13.4, 12.5], "texture": "#6"},
				"up": {"uv": [2.9, 2.9, 13.4, 13], "texture": "#6"},
				"down": {"uv": [2.9, 2.9, 13.4, 13], "texture": "#6"}
			}
		},
		{
			"from": [7.45, 0.95, 7.45],
			"to": [8.55, 1.55, 8.55],
			"rotation": {"angle": 0, "axis": "y", "origin": [0, -8, 0]},
			"faces": {
				"north": {"uv": [2.9, 2.9, 13.4, 12.5], "texture": "#6"},
				"east": {"uv": [2.9, 2.9, 13.4, 12.5], "texture": "#6"},
				"south": {"uv": [4, 4, 11.9, 12.1], "texture": "#6"},
				"west": {"uv": [2.9, 2.9, 13.4, 12.5], "texture": "#6"},
				"up": {"uv": [2.9, 2.9, 13.4, 13], "texture": "#6"},
				"down": {"uv": [2.9, 2.9, 13.4, 13], "texture": "#6"}
			}
		},
		{
			"from": [7.45, -0.55, 7.45],
			"to": [8.55, 0.05, 8.55],
			"rotation": {"angle": 0, "axis": "y", "origin": [0, -8, 0]},
			"faces": {
				"north": {"uv": [2.9, 2.9, 13.4, 12.5], "texture": "#6"},
				"east": {"uv": [2.9, 2.9, 13.4, 12.5], "texture": "#6"},
				"south": {"uv": [4, 4, 11.9, 12.1], "texture": "#6"},
				"west": {"uv": [2.9, 2.9, 13.4, 12.5], "texture": "#6"},
				"up": {"uv": [2.9, 2.9, 13.4, 13], "texture": "#6"},
				"down": {"uv": [2.9, 2.9, 13.4, 13], "texture": "#6"}
			}
		},
		{
			"from": [7.45, -2.05, 7.45],
			"to": [8.55, -1.45, 8.55],
			"rotation": {"angle": 0, "axis": "y", "origin": [0, -8, 0]},
			"faces": {
				"north": {"uv": [2.9, 2.9, 13.4, 12.5], "texture": "#6"},
				"east": {"uv": [2.9, 2.9, 13.4, 12.5], "texture": "#6"},
				"south": {"uv": [4, 4, 11.9, 12.1], "texture": "#6"},
				"west": {"uv": [2.9, 2.9, 13.4, 12.5], "texture": "#6"},
				"up": {"uv": [2.9, 2.9, 13.4, 13], "texture": "#6"},
				"down": {"uv": [2.9, 2.9, 13.4, 13], "texture": "#6"}
			}
		},
		{
			"from": [7.45, -3.55, 7.45],
			"to": [8.55, -2.95, 8.55],
			"rotation": {"angle": 0, "axis": "y", "origin": [0, -8, 0]},
			"faces": {
				"north": {"uv": [2.9, 2.9, 13.4, 12.5], "texture": "#6"},
				"east": {"uv": [2.9, 2.9, 13.4, 12.5], "texture": "#6"},
				"south": {"uv": [4, 4, 11.9, 12.1], "texture": "#6"},
				"west": {"uv": [2.9, 2.9, 13.4, 12.5], "texture": "#6"},
				"up": {"uv": [2.9, 2.9, 13.4, 13], "texture": "#6"},
				"down": {"uv": [2.9, 2.9, 13.4, 13], "texture": "#6"}
			}
		},
		{
			"from": [7.45, -5.05, 7.45],
			"to": [8.55, -4.45, 8.55],
			"rotation": {"angle": 0, "axis": "y", "origin": [0, -8, 0]},
			"faces": {
				"north": {"uv": [2.9, 2.9, 13.4, 12.5], "texture": "#6"},
				"east": {"uv": [2.9, 2.9, 13.4, 12.5], "texture": "#6"},
				"south": {"uv": [4, 4, 11.9, 12.1], "texture": "#6"},
				"west": {"uv": [2.9, 2.9, 13.4, 12.5], "texture": "#6"},
				"up": {"uv": [2.9, 2.9, 13.4, 13], "texture": "#6"},
				"down": {"uv": [2.9, 2.9, 13.4, 13], "texture": "#6"}
			}
		},
		{
			"from": [7.45, -6.55, 7.45],
			"to": [8.55, -5.95, 8.55],
			"rotation": {"angle": 0, "axis": "y", "origin": [0, -8, 0]},
			"faces": {
				"north": {"uv": [2.9, 2.9, 13.4, 12.5], "texture": "#6"},
				"east": {"uv": [2.9, 2.9, 13.4, 12.5], "texture": "#6"},
				"south": {"uv": [4, 4, 11.9, 12.1], "texture": "#6"},
				"west": {"uv": [2.9, 2.9, 13.4, 12.5], "texture": "#6"},
				"up": {"uv": [2.9, 2.9, 13.4, 13], "texture": "#6"},
				"down": {"uv": [2.9, 2.9, 13.4, 13], "texture": "#6"}
			}
		},
		{
			"from": [7.45, 3.95, 7.45],
			"to": [8.55, 4.55, 8.55],
			"rotation": {"angle": 0, "axis": "y", "origin": [0, -8, 0]},
			"faces": {
				"north": {"uv": [2.9, 2.9, 13.4, 12.5], "texture": "#6"},
				"east": {"uv": [2.9, 2.9, 13.4, 12.5], "texture": "#6"},
				"south": {"uv": [4, 4, 11.9, 12.1], "texture": "#6"},
				"west": {"uv": [2.9, 2.9, 13.4, 12.5], "texture": "#6"},
				"up": {"uv": [2.9, 2.9, 13.4, 13], "texture": "#6"},
				"down": {"uv": [2.9, 2.9, 13.4, 13], "texture": "#6"}
			}
		},
		{
			"from": [7.45, 5.45, 7.45],
			"to": [8.55, 6.05, 8.55],
			"rotation": {"angle": 0, "axis": "y", "origin": [0, -8, 0]},
			"faces": {
				"north": {"uv": [2.9, 2.9, 13.4, 12.5], "texture": "#6"},
				"east": {"uv": [2.9, 2.9, 13.4, 12.5], "texture": "#6"},
				"south": {"uv": [4, 4, 11.9, 12.1], "texture": "#6"},
				"west": {"uv": [2.9, 2.9, 13.4, 12.5], "texture": "#6"},
				"up": {"uv": [2.9, 2.9, 13.4, 13], "texture": "#6"},
				"down": {"uv": [2.9, 2.9, 13.4, 13], "texture": "#6"}
			}
		},
		{
			"from": [7.45, 6.95, 7.45],
			"to": [8.55, 7.55, 8.55],
			"rotation": {"angle": 0, "axis": "y", "origin": [0, -8, 0]},
			"faces": {
				"north": {"uv": [2.9, 2.9, 13.4, 12.5], "texture": "#6"},
				"east": {"uv": [2.9, 2.9, 13.4, 12.5], "texture": "#6"},
				"south": {"uv": [4, 4, 11.9, 12.1], "texture": "#6"},
				"west": {"uv": [2.9, 2.9, 13.4, 12.5], "texture": "#6"},
				"up": {"uv": [2.9, 2.9, 13.4, 13], "texture": "#6"},
				"down": {"uv": [2.9, 2.9, 13.4, 13], "texture": "#6"}
			}
		}
	],
	"display": {
		"thirdperson_righthand": {
			"rotation": [31, 58, -68],
			"translation": [9.25, 13.25, -8.75],
			"scale": [1.5, 1.5, 1.5]
		},
		"thirdperson_lefthand": {
			"rotation": [31, 58, -68],
			"translation": [9.25, 13.25, -8.75],
			"scale": [1.5, 1.5, 1.5]
		},
		"firstperson_righthand": {
			"rotation": [69, 16, -73],
			"translation": [17, 8.25, 1.75],
			"scale": [1.5, 1.5, 1.5]
		},
		"firstperson_lefthand": {
			"rotation": [69, 16, -73],
			"translation": [17, 8.25, 1.75],
			"scale": [1.5, 1.5, 1.5]
		},
		"ground": {
			"rotation": [0, 45, 90],
			"translation": [0, 2.5, 0]
		},
		"gui": {
			"rotation": [0, 0, -45],
			"scale": [0.75, 0.75, 0.75]
		},
		"fixed": {
			"rotation": [0, 0, 45]
		}
	}
}